Batch_ID,Horizon_h,Observed_Rows,OOD_Score,Training_95pct_Threshold,OOD_Excess_Above_Threshold,OOD_Flag,Set,Regime
1,12,60,0.473306271419015,0.5162548053476638,-0.04294853392864878,False,Normal model-development,Recipe_Normal
2,12,60,0.4465805047615298,0.5162548053476638,-0.069674300586134,False,Normal test,Recipe_Normal
3,12,60,0.5021690829038475,0.5162548053476638,-0.014085722443816229,False,Normal model-development,Recipe_Normal
4,12,60,0.5158490743117897,0.5162548053476638,-0.00040573103587404624,False,Normal model-development,Recipe_Normal
5,12,60,0.45844014409713874,0.5162548053476638,-0.057814661250525035,False,Normal test,Recipe_Normal
6,12,60,0.41385284519894006,0.5162548053476638,-0.10240196014872371,False,Normal model-development,Recipe_Normal
7,12,60,0.45249741651894426,0.5162548053476638,-0.06375738882871951,False,Normal model-development,Recipe_Normal
8,12,60,0.4801740460870465,0.5162548053476638,-0.03608075926061727,False,Normal model-development,Recipe_Normal
9,12,60,0.4712059444970356,0.5162548053476638,-0.04504886085062815,False,Normal test,Recipe_Normal
10,12,60,0.45894910035427366,0.5162548053476638,-0.057305704993390105,False,Normal model-development,Recipe_Normal
11,12,60,0.46180729432079665,0.5162548053476638,-0.054447511026867124,False,Normal model-development,Recipe_Normal
12,12,60,0.4768007488149359,0.5162548053476638,-0.03945405653272788,False,Normal model-development,Recipe_Normal
13,12,60,0.399652184612517,0.5162548053476638,-0.11660262073514677,False,Normal model-development,Recipe_Normal
14,12,60,0.4253323701422177,0.5162548053476638,-0.09092243520544607,False,Normal test,Recipe_Normal
15,12,60,0.4260954118654938,0.5162548053476638,-0.09015939348216995,False,Normal model-development,Recipe_Normal
16,12,60,0.46988385657964876,0.5162548053476638,-0.04637094876801501,False,Normal model-development,Recipe_Normal
17,12,60,0.41589471577550696,0.5162548053476638,-0.10036008957215681,False,Normal model-development,Recipe_Normal
18,12,60,0.41747829657687757,0.5162548053476638,-0.0987765087707862,False,Normal model-development,Recipe_Normal
19,12,60,0.4574924045170759,0.5162548053476638,-0.05876240083058787,False,Normal model-development,Recipe_Normal
20,12,60,0.4074843475651254,0.5162548053476638,-0.10877045778253835,False,Normal model-development,Recipe_Normal
21,12,60,0.5452217265669977,0.5162548053476638,0.028966921219333974,True,Normal model-development,Recipe_Normal
22,12,60,0.4178762252998726,0.5162548053476638,-0.09837858004779115,False,Normal model-development,Recipe_Normal
23,12,60,0.39054122181378215,0.5162548053476638,-0.12571358353388162,False,Normal model-development,Recipe_Normal
24,12,60,0.4596749389670409,0.5162548053476638,-0.056579866380622845,False,Normal model-development,Recipe_Normal
25,12,60,0.4650700535870781,0.5162548053476638,-0.05118475176058568,False,Normal model-development,Recipe_Normal
26,12,60,0.42886230781401663,0.5162548053476638,-0.08739249753364714,False,Normal model-development,Recipe_Normal
27,12,60,0.45094861687820875,0.5162548053476638,-0.06530618846945502,False,Normal model-development,Recipe_Normal
28,12,60,0.46337382840609864,0.5162548053476638,-0.05288097694156513,False,Normal test,Recipe_Normal
29,12,60,0.43087431236260143,0.5162548053476638,-0.08538049298506234,False,Normal model-development,Recipe_Normal
30,12,60,0.42580337430135917,0.5162548053476638,-0.0904514310463046,False,Normal model-development,Recipe_Normal
31,12,60,0.42193154751178713,0.5162548053476638,-0.09432325783587664,False,Normal model-development,Operator_Normal
32,12,60,0.42779723952730603,0.5162548053476638,-0.08845756582035774,False,Normal model-development,Operator_Normal
33,12,60,0.4076633928967047,0.5162548053476638,-0.10859141245095905,False,Normal model-development,Operator_Normal
34,12,60,0.4455696559721903,0.5162548053476638,-0.07068514937547349,False,Normal test,Operator_Normal
35,12,60,0.45104755640512695,0.5162548053476638,-0.06520724894253682,False,Normal model-development,Operator_Normal
36,12,60,0.5162548053476638,0.5162548053476638,0.0,False,Normal model-development,Operator_Normal
37,12,60,0.46871973567832115,0.5162548053476638,-0.04753506966934262,False,Normal model-development,Operator_Normal
38,12,60,0.45381734949898467,0.5162548053476638,-0.0624374558486791,False,Normal model-development,Operator_Normal
39,12,60,0.42478307855422087,0.5162548053476638,-0.0914717267934429,False,Normal model-development,Operator_Normal
40,12,60,0.44070881443626286,0.5162548053476638,-0.0755459909114009,False,Normal model-development,Operator_Normal
41,12,60,0.41070643551895336,0.5162548053476638,-0.10554836982871041,False,Normal model-development,Operator_Normal
42,12,60,0.42467283020654156,0.5162548053476638,-0.09158197514112221,False,Normal model-development,Operator_Normal
43,12,60,0.49703137489360466,0.5162548053476638,-0.01922343045405911,False,Normal model-development,Operator_Normal
44,12,60,0.5213343719011361,0.5162548053476638,0.005079566553472303,True,Normal model-development,Operator_Normal
45,12,60,0.42307435409445293,0.5162548053476638,-0.09318045125321084,False,Normal test,Operator_Normal
46,12,60,0.47573519700177813,0.5162548053476638,-0.04051960834588564,False,Normal test,Operator_Normal
47,12,60,0.40091046730810975,0.5162548053476638,-0.11534433803955402,False,Normal test,Operator_Normal
48,12,60,0.5196449072949214,0.5162548053476638,0.00339010194725764,True,Normal model-development,Operator_Normal
49,12,60,0.43264786952518475,0.5162548053476638,-0.08360693582247902,False,Normal model-development,Operator_Normal
50,12,60,0.42930745386710595,0.5162548053476638,-0.08694735148055782,False,Normal model-development,Operator_Normal
51,12,60,0.49035897279482427,0.5162548053476638,-0.025895832552839504,False,Normal model-development,Operator_Normal
52,12,60,0.46260541355859747,0.5162548053476638,-0.0536493917890663,False,Normal model-development,Operator_Normal
53,12,60,0.44178284233824877,0.5162548053476638,-0.074471963009415,False,Normal model-development,Operator_Normal
54,12,60,0.43985608376214413,0.5162548053476638,-0.07639872158551964,False,Normal model-development,Operator_Normal
55,12,60,0.4840736907941034,0.5162548053476638,-0.032181114553560375,False,Normal model-development,Operator_Normal
56,12,60,0.44505848900740685,0.5162548053476638,-0.07119631634025692,False,Normal model-development,Operator_Normal
57,12,60,0.46358926069566786,0.5162548053476638,-0.05266554465199591,False,Normal model-development,Operator_Normal
58,12,60,0.4493940955141631,0.5162548053476638,-0.06686070983350068,False,Normal model-development,Operator_Normal
59,12,60,0.3970331966174964,0.5162548053476638,-0.11922160873016735,False,Normal model-development,Operator_Normal
60,12,60,0.42132459245622256,0.5162548053476638,-0.09493021289144121,False,Normal test,Operator_Normal
61,12,60,0.45290376924702985,0.5162548053476638,-0.06335103610063392,False,Normal model-development,APC_Normal
62,12,60,0.4891988377131283,0.5162548053476638,-0.027055967634535494,False,Normal model-development,APC_Normal
63,12,60,0.41573266367797845,0.5162548053476638,-0.10052214166968532,False,Normal model-development,APC_Normal
64,12,60,0.38704383002228454,0.5162548053476638,-0.12921097532537923,False,Normal model-development,APC_Normal
65,12,60,0.5032491572765154,0.5162548053476638,-0.013005648071148346,False,Normal model-development,APC_Normal
66,12,60,0.5146263970635531,0.5162548053476638,-0.001628408284110705,False,Normal test,APC_Normal
67,12,60,0.4721326546097627,0.5162548053476638,-0.044122150737901045,False,Normal model-development,APC_Normal
68,12,60,0.42981304738450155,0.5162548053476638,-0.08644175796316222,False,Normal model-development,APC_Normal
69,12,60,0.40243440407258946,0.5162548053476638,-0.11382040127507431,False,Normal test,APC_Normal
70,12,60,0.47528038041371307,0.5162548053476638,-0.040974424933950704,False,Normal model-development,APC_Normal
71,12,60,0.4796059710598461,0.5162548053476638,-0.03664883428781768,False,Normal test,APC_Normal
72,12,60,0.4141709211574375,0.5162548053476638,-0.10208388419022629,False,Normal model-development,APC_Normal
73,12,60,0.4673424469536227,0.5162548053476638,-0.04891235839404107,False,Normal model-development,APC_Normal
74,12,60,0.44139023579175585,0.5162548053476638,-0.07486456955590792,False,Normal model-development,APC_Normal
75,12,60,0.41446785761341864,0.5162548053476638,-0.10178694773424513,False,Normal model-development,APC_Normal
76,12,60,0.5063284974495139,0.5162548053476638,-0.009926307898149855,False,Normal model-development,APC_Normal
77,12,60,0.46488930217755337,0.5162548053476638,-0.051365503170110405,False,Normal test,APC_Normal
78,12,60,0.4700770245176675,0.5162548053476638,-0.046177780829996296,False,Normal model-development,APC_Normal
79,12,60,0.39062699698386577,0.5162548053476638,-0.125627808363798,False,Normal model-development,APC_Normal
80,12,60,0.3959871122563819,0.5162548053476638,-0.12026769309128188,False,Normal model-development,APC_Normal
81,12,60,0.49054391666947217,0.5162548053476638,-0.0257108886781916,False,Normal model-development,APC_Normal
82,12,60,0.42122903765881053,0.5162548053476638,-0.09502576768885324,False,Normal model-development,APC_Normal
83,12,60,0.5129856005201858,0.5162548053476638,-0.003269204827477945,False,Normal test,APC_Normal
84,12,60,0.5050852026828836,0.5162548053476638,-0.011169602664780176,False,Normal model-development,APC_Normal
85,12,60,0.4289336502744064,0.5162548053476638,-0.08732115507325738,False,Normal model-development,APC_Normal
86,12,60,0.48339654126270487,0.5162548053476638,-0.0328582640849589,False,Normal model-development,APC_Normal
87,12,60,0.49036326840119837,0.5162548053476638,-0.0258915369464654,False,Normal model-development,APC_Normal
88,12,60,0.45991814733582176,0.5162548053476638,-0.05633665801184201,False,Normal model-development,APC_Normal
89,12,60,0.44461941263606775,0.5162548053476638,-0.07163539271159602,False,Normal model-development,APC_Normal
90,12,60,0.5160943292549479,0.5162548053476638,-0.0001604760927158555,False,Normal model-development,APC_Normal
91,12,60,0.42275876093742115,0.5162548053476638,-0.09349604441024262,False,Fault test,Fault
92,12,60,0.4436233319409695,0.5162548053476638,-0.07263147340669429,False,Fault test,Fault
93,12,60,0.48163552278961846,0.5162548053476638,-0.034619282558045306,False,Fault test,Fault
94,12,60,0.40793455864906697,0.5162548053476638,-0.1083202466985968,False,Fault test,Fault
95,12,60,0.43627944964795157,0.5162548053476638,-0.0799753556997122,False,Fault test,Fault
96,12,60,0.3918174517553694,0.5162548053476638,-0.12443735359229435,False,Fault test,Fault
97,12,60,0.552710555394179,0.5162548053476638,0.036455750046515245,True,Fault test,Fault
98,12,60,0.46232357533357454,0.5162548053476638,-0.053931230014089226,False,Fault test,Fault
99,12,60,0.5726413821349146,0.5162548053476638,0.056386576787250786,True,Fault test,Fault
100,12,60,0.39988605424208196,0.5162548053476638,-0.11636875110558181,False,Fault test,Fault
1,24,120,0.42806661869498974,0.5264187472635465,-0.0983521285685568,False,Normal model-development,Recipe_Normal
2,24,120,0.5902141930089724,0.5264187472635465,0.06379544574542584,True,Normal test,Recipe_Normal
3,24,120,0.4705861750618467,0.5264187472635465,-0.05583257220169985,False,Normal model-development,Recipe_Normal
4,24,120,0.39562895199246656,0.5264187472635465,-0.13078979527107998,False,Normal model-development,Recipe_Normal
5,24,120,0.4330531983465176,0.5264187472635465,-0.09336554891702892,False,Normal test,Recipe_Normal
6,24,120,0.42330520727560533,0.5264187472635465,-0.1031135399879412,False,Normal model-development,Recipe_Normal
7,24,120,0.4241128268107538,0.5264187472635465,-0.10230592045279274,False,Normal model-development,Recipe_Normal
8,24,120,0.41759669765357743,0.5264187472635465,-0.10882204960996911,False,Normal model-development,Recipe_Normal
9,24,120,0.4878217936738849,0.5264187472635465,-0.03859695358966164,False,Normal test,Recipe_Normal
10,24,120,0.4370478334323252,0.5264187472635465,-0.08937091383122137,False,Normal model-development,Recipe_Normal
11,24,120,0.4173663852253459,0.5264187472635465,-0.10905236203820062,False,Normal model-development,Recipe_Normal
12,24,120,0.4245660507303822,0.5264187472635465,-0.10185269653316431,False,Normal model-development,Recipe_Normal
13,24,120,0.43725665960951604,0.5264187472635465,-0.0891620876540305,False,Normal model-development,Recipe_Normal
14,24,120,0.4263561749937375,0.5264187472635465,-0.10006257226980902,False,Normal test,Recipe_Normal
15,24,120,0.448741206405923,0.5264187472635465,-0.07767754085762352,False,Normal model-development,Recipe_Normal
16,24,120,0.445697511150707,0.5264187472635465,-0.08072123611283955,False,Normal model-development,Recipe_Normal
17,24,120,0.40119961085712724,0.5264187472635465,-0.1252191364064193,False,Normal model-development,Recipe_Normal
18,24,120,0.4258812169134692,0.5264187472635465,-0.10053753035007734,False,Normal model-development,Recipe_Normal
19,24,120,0.4298564976832132,0.5264187472635465,-0.09656224958033333,False,Normal model-development,Recipe_Normal
20,24,120,0.39748065814765365,0.5264187472635465,-0.12893808911589288,False,Normal model-development,Recipe_Normal
21,24,120,0.4719826473067962,0.5264187472635465,-0.05443609995675036,False,Normal model-development,Recipe_Normal
22,24,120,0.45628181138593493,0.5264187472635465,-0.0701369358776116,False,Normal model-development,Recipe_Normal
23,24,120,0.39740639678089396,0.5264187472635465,-0.12901235048265258,False,Normal model-development,Recipe_Normal
24,24,120,0.5691109565531979,0.5264187472635465,0.04269220928965134,True,Normal model-development,Recipe_Normal
25,24,120,0.473049281530014,0.5264187472635465,-0.05336946573353252,False,Normal model-development,Recipe_Normal
26,24,120,0.41037456265871547,0.5264187472635465,-0.11604418460483107,False,Normal model-development,Recipe_Normal
27,24,120,0.4031351282580059,0.5264187472635465,-0.12328361900554063,False,Normal model-development,Recipe_Normal
28,24,120,0.43089876559536966,0.5264187472635465,-0.09551998166817688,False,Normal test,Recipe_Normal
29,24,120,0.4235747860559616,0.5264187472635465,-0.10284396120758493,False,Normal model-development,Recipe_Normal
30,24,120,0.43242759854792523,0.5264187472635465,-0.09399114871562131,False,Normal model-development,Recipe_Normal
31,24,120,0.4191988516747807,0.5264187472635465,-0.10721989558876582,False,Normal model-development,Operator_Normal
32,24,120,0.532934361579383,0.5264187472635465,0.006515614315836471,True,Normal model-development,Operator_Normal
33,24,120,0.4348049705666543,0.5264187472635465,-0.09161377669689225,False,Normal model-development,Operator_Normal
34,24,120,0.5481908176018612,0.5264187472635465,0.02177207033831463,True,Normal test,Operator_Normal
35,24,120,0.4450564699905082,0.5264187472635465,-0.08136227727303835,False,Normal model-development,Operator_Normal
36,24,120,0.44781461932360145,0.5264187472635465,-0.07860412793994509,False,Normal model-development,Operator_Normal
37,24,120,0.48620258258227605,0.5264187472635465,-0.04021616468127048,False,Normal model-development,Operator_Normal
38,24,120,0.4600219847450143,0.5264187472635465,-0.06639676251853222,False,Normal model-development,Operator_Normal
39,24,120,0.4298968093727124,0.5264187472635465,-0.09652193789083413,False,Normal model-development,Operator_Normal
40,24,120,0.4590496475373046,0.5264187472635465,-0.06736909972624194,False,Normal model-development,Operator_Normal
41,24,120,0.4051886574648938,0.5264187472635465,-0.12123008979865274,False,Normal model-development,Operator_Normal
42,24,120,0.4681743733881983,0.5264187472635465,-0.058244373875348254,False,Normal model-development,Operator_Normal
43,24,120,0.504707186573139,0.5264187472635465,-0.021711560690407583,False,Normal model-development,Operator_Normal
44,24,120,0.49388290804780177,0.5264187472635465,-0.032535839215744766,False,Normal model-development,Operator_Normal
45,24,120,0.42874019833451993,0.5264187472635465,-0.09767854892902661,False,Normal test,Operator_Normal
46,24,120,0.3999521174217595,0.5264187472635465,-0.12646662984178703,False,Normal test,Operator_Normal
47,24,120,0.3935975705497158,0.5264187472635465,-0.13282117671383076,False,Normal test,Operator_Normal
48,24,120,0.42920429976075314,0.5264187472635465,-0.0972144475027934,False,Normal model-development,Operator_Normal
49,24,120,0.43123840029427346,0.5264187472635465,-0.09518034696927308,False,Normal model-development,Operator_Normal
50,24,120,0.41761897399229664,0.5264187472635465,-0.1087997732712499,False,Normal model-development,Operator_Normal
51,24,120,0.45612336644511464,0.5264187472635465,-0.0702953808184319,False,Normal model-development,Operator_Normal
52,24,120,0.42628153737466457,0.5264187472635465,-0.10013720988888197,False,Normal model-development,Operator_Normal
53,24,120,0.4403637930396022,0.5264187472635465,-0.08605495422394432,False,Normal model-development,Operator_Normal
54,24,120,0.4433665387038058,0.5264187472635465,-0.08305220855974071,False,Normal model-development,Operator_Normal
55,24,120,0.4229991963773341,0.5264187472635465,-0.10341955088621246,False,Normal model-development,Operator_Normal
56,24,120,0.5098869307043679,0.5264187472635465,-0.01653181655917868,False,Normal model-development,Operator_Normal
57,24,120,0.4560691679216313,0.5264187472635465,-0.07034957934191521,False,Normal model-development,Operator_Normal
58,24,120,0.41399069658747417,0.5264187472635465,-0.11242805067607237,False,Normal model-development,Operator_Normal
59,24,120,0.3745794246172829,0.5264187472635465,-0.15183932264626365,False,Normal model-development,Operator_Normal
60,24,120,0.5084356373054992,0.5264187472635465,-0.017983109958047305,False,Normal test,Operator_Normal
61,24,120,0.47629533800665075,0.5264187472635465,-0.05012340925689579,False,Normal model-development,APC_Normal
62,24,120,0.460085290091055,0.5264187472635465,-0.06633345717249156,False,Normal model-development,APC_Normal
63,24,120,0.39394537631522425,0.5264187472635465,-0.1324733709483223,False,Normal model-development,APC_Normal
64,24,120,0.4799234736989216,0.5264187472635465,-0.04649527356462496,False,Normal model-development,APC_Normal
65,24,120,0.5264187472635465,0.5264187472635465,0.0,False,Normal model-development,APC_Normal
66,24,120,0.4215885943712971,0.5264187472635465,-0.10483015289224945,False,Normal test,APC_Normal
67,24,120,0.5311575934386479,0.5264187472635465,0.004738846175101341,True,Normal model-development,APC_Normal
68,24,120,0.46246935941307193,0.5264187472635465,-0.0639493878504746,False,Normal model-development,APC_Normal
69,24,120,0.4197587808351983,0.5264187472635465,-0.10665996642834824,False,Normal test,APC_Normal
70,24,120,0.5106193010336496,0.5264187472635465,-0.01579944622989693,False,Normal model-development,APC_Normal
71,24,120,0.5123969284242312,0.5264187472635465,-0.014021818839315303,False,Normal test,APC_Normal
72,24,120,0.45930538937825727,0.5264187472635465,-0.06711335788528927,False,Normal model-development,APC_Normal
73,24,120,0.4713188261794688,0.5264187472635465,-0.05509992108407774,False,Normal model-development,APC_Normal
74,24,120,0.4237977350154635,0.5264187472635465,-0.10262101224808307,False,Normal model-development,APC_Normal
75,24,120,0.4345285880803575,0.5264187472635465,-0.09189015918318905,False,Normal model-development,APC_Normal
76,24,120,0.43644628688875237,0.5264187472635465,-0.08997246037479417,False,Normal model-development,APC_Normal
77,24,120,0.47149333940205584,0.5264187472635465,-0.054925407861490694,False,Normal test,APC_Normal
78,24,120,0.43669418001721855,0.5264187472635465,-0.08972456724632799,False,Normal model-development,APC_Normal
79,24,120,0.37673119406867683,0.5264187472635465,-0.1496875531948697,False,Normal model-development,APC_Normal
80,24,120,0.44611401326948574,0.5264187472635465,-0.0803047339940608,False,Normal model-development,APC_Normal
81,24,120,0.48744384422082915,0.5264187472635465,-0.03897490304271739,False,Normal model-development,APC_Normal
82,24,120,0.3939058440970953,0.5264187472635465,-0.13251290316645126,False,Normal model-development,APC_Normal
83,24,120,0.45979036117118616,0.5264187472635465,-0.06662838609236038,False,Normal test,APC_Normal
84,24,120,0.4038397422853774,0.5264187472635465,-0.12257900497816915,False,Normal model-development,APC_Normal
85,24,120,0.43882877500404815,0.5264187472635465,-0.08758997225949838,False,Normal model-development,APC_Normal
86,24,120,0.4391772907649722,0.5264187472635465,-0.08724145649857434,False,Normal model-development,APC_Normal
87,24,120,0.5212203862118039,0.5264187472635465,-0.00519836105174265,False,Normal model-development,APC_Normal
88,24,120,0.41648736315632723,0.5264187472635465,-0.10993138410721931,False,Normal model-development,APC_Normal
89,24,120,0.4601515811374975,0.5264187472635465,-0.06626716612604905,False,Normal model-development,APC_Normal
90,24,120,0.4242870002964901,0.5264187472635465,-0.10213174696705646,False,Normal model-development,APC_Normal
91,24,120,0.5863390200150989,0.5264187472635465,0.05992027275155232,True,Fault test,Fault
92,24,120,0.489016063845638,0.5264187472635465,-0.03740268341790853,False,Fault test,Fault
93,24,120,0.4820001450982982,0.5264187472635465,-0.044418602165248344,False,Fault test,Fault
94,24,120,0.6192436052814272,0.5264187472635465,0.09282485801788065,True,Fault test,Fault
95,24,120,0.5836256422496009,0.5264187472635465,0.05720689498605436,True,Fault test,Fault
96,24,120,0.4078259885531577,0.5264187472635465,-0.11859275871038882,False,Fault test,Fault
97,24,120,0.5771813821664524,0.5264187472635465,0.05076263490290589,True,Fault test,Fault
98,24,120,0.4893999886580665,0.5264187472635465,-0.03701875860548004,False,Fault test,Fault
99,24,120,0.596772656576202,0.5264187472635465,0.0703539093126555,True,Fault test,Fault
100,24,120,0.6369713772031448,0.5264187472635465,0.11055262993959825,True,Fault test,Fault
1,48,240,0.47896709255177206,0.5109296954384425,-0.03196260288667041,False,Normal model-development,Recipe_Normal
2,48,240,0.48140960440786135,0.5109296954384425,-0.02952009103058112,False,Normal test,Recipe_Normal
3,48,240,0.4819814203338751,0.5109296954384425,-0.028948275104567378,False,Normal model-development,Recipe_Normal
4,48,240,0.4240204866998586,0.5109296954384425,-0.08690920873858388,False,Normal model-development,Recipe_Normal
5,48,240,0.42447938022806436,0.5109296954384425,-0.0864503152103781,False,Normal test,Recipe_Normal
6,48,240,0.4513444019265549,0.5109296954384425,-0.05958529351188757,False,Normal model-development,Recipe_Normal
7,48,240,0.433245122691124,0.5109296954384425,-0.07768457274731849,False,Normal model-development,Recipe_Normal
8,48,240,0.44088961022689716,0.5109296954384425,-0.07004008521154531,False,Normal model-development,Recipe_Normal
9,48,240,0.47521946310359836,0.5109296954384425,-0.035710232334844105,False,Normal test,Recipe_Normal
10,48,240,0.426871053319969,0.5109296954384425,-0.08405864211847347,False,Normal model-development,Recipe_Normal
11,48,240,0.40371878551302176,0.5109296954384425,-0.1072109099254207,False,Normal model-development,Recipe_Normal
12,48,240,0.42357705570226134,0.5109296954384425,-0.08735263973618113,False,Normal model-development,Recipe_Normal
13,48,240,0.40811426652375454,0.5109296954384425,-0.10281542891468792,False,Normal model-development,Recipe_Normal
14,48,240,0.43027094186904624,0.5109296954384425,-0.08065875356939622,False,Normal test,Recipe_Normal
15,48,240,0.4495018437007215,0.5109296954384425,-0.06142785173772097,False,Normal model-development,Recipe_Normal
16,48,240,0.4549440626062089,0.5109296954384425,-0.05598563283223357,False,Normal model-development,Recipe_Normal
17,48,240,0.39149761000183875,0.5109296954384425,-0.11943208543660372,False,Normal model-development,Recipe_Normal
18,48,240,0.435429784692458,0.5109296954384425,-0.07549991074598444,False,Normal model-development,Recipe_Normal
19,48,240,0.44430632028026834,0.5109296954384425,-0.06662337515817413,False,Normal model-development,Recipe_Normal
20,48,240,0.40469327513997194,0.5109296954384425,-0.10623642029847052,False,Normal model-development,Recipe_Normal
21,48,240,0.4750135368316796,0.5109296954384425,-0.035916158606762894,False,Normal model-development,Recipe_Normal
22,48,240,0.43811131474709336,0.5109296954384425,-0.0728183806913491,False,Normal model-development,Recipe_Normal
23,48,240,0.3871501390885042,0.5109296954384425,-0.12377955634993826,False,Normal model-development,Recipe_Normal
24,48,240,0.41914243741581925,0.5109296954384425,-0.09178725802262322,False,Normal model-development,Recipe_Normal
25,48,240,0.4495550294474015,0.5109296954384425,-0.061374665991040966,False,Normal model-development,Recipe_Normal
26,48,240,0.42273022522052306,0.5109296954384425,-0.0881994702179194,False,Normal model-development,Recipe_Normal
27,48,240,0.4399512356162892,0.5109296954384425,-0.07097845982215328,False,Normal model-development,Recipe_Normal
28,48,240,0.4092898119033059,0.5109296954384425,-0.10163988353513659,False,Normal test,Recipe_Normal
29,48,240,0.4309386657319686,0.5109296954384425,-0.07999102970647387,False,Normal model-development,Recipe_Normal
30,48,240,0.4491196195151237,0.5109296954384425,-0.061810075923318775,False,Normal model-development,Recipe_Normal
31,48,240,0.461770769444193,0.5109296954384425,-0.04915892599424948,False,Normal model-development,Operator_Normal
32,48,240,0.403071488017443,0.5109296954384425,-0.10785820742099944,False,Normal model-development,Operator_Normal
33,48,240,0.39172722084432976,0.5109296954384425,-0.1192024745941127,False,Normal model-development,Operator_Normal
34,48,240,0.4425318284157794,0.5109296954384425,-0.06839786702266304,False,Normal test,Operator_Normal
35,48,240,0.44212188226820887,0.5109296954384425,-0.0688078131702336,False,Normal model-development,Operator_Normal
36,48,240,0.42187102364899354,0.5109296954384425,-0.08905867178944893,False,Normal model-development,Operator_Normal
37,48,240,0.4863509788773244,0.5109296954384425,-0.02457871656111804,False,Normal model-development,Operator_Normal
38,48,240,0.49081636142878804,0.5109296954384425,-0.020113334009654427,False,Normal model-development,Operator_Normal
39,48,240,0.4670531686278697,0.5109296954384425,-0.04387652681057275,False,Normal model-development,Operator_Normal
40,48,240,0.45334462931442593,0.5109296954384425,-0.05758506612401654,False,Normal model-development,Operator_Normal
41,48,240,0.4385500021586315,0.5109296954384425,-0.07237969327981097,False,Normal model-development,Operator_Normal
42,48,240,0.4748006083905147,0.5109296954384425,-0.03612908704792778,False,Normal model-development,Operator_Normal
43,48,240,0.5510637808767272,0.5109296954384425,0.04013408543828478,True,Normal model-development,Operator_Normal
44,48,240,0.4984579249644726,0.5109296954384425,-0.012471770473969856,False,Normal model-development,Operator_Normal
45,48,240,0.6166833171859221,0.5109296954384425,0.1057536217474796,True,Normal test,Operator_Normal
46,48,240,0.42550854101265906,0.5109296954384425,-0.08542115442578341,False,Normal test,Operator_Normal
47,48,240,0.39046128502800825,0.5109296954384425,-0.12046841041043421,False,Normal test,Operator_Normal
48,48,240,0.4179590114385485,0.5109296954384425,-0.09297068399989394,False,Normal model-development,Operator_Normal
49,48,240,0.5109296954384425,0.5109296954384425,0.0,False,Normal model-development,Operator_Normal
50,48,240,0.4572406736495962,0.5109296954384425,-0.05368902178884627,False,Normal model-development,Operator_Normal
51,48,240,0.4639078287971552,0.5109296954384425,-0.04702186664128727,False,Normal model-development,Operator_Normal
52,48,240,0.45155698468826583,0.5109296954384425,-0.05937271075017664,False,Normal model-development,Operator_Normal
53,48,240,0.44379253315391354,0.5109296954384425,-0.06713716228452893,False,Normal model-development,Operator_Normal
54,48,240,0.41249551049388056,0.5109296954384425,-0.09843418494456191,False,Normal model-development,Operator_Normal
55,48,240,0.4347272516211975,0.5109296954384425,-0.07620244381724495,False,Normal model-development,Operator_Normal
56,48,240,0.4538632786951791,0.5109296954384425,-0.05706641674326335,False,Normal model-development,Operator_Normal
57,48,240,0.4466963287122249,0.5109296954384425,-0.06423336672621754,False,Normal model-development,Operator_Normal
58,48,240,0.4210672899435582,0.5109296954384425,-0.08986240549488428,False,Normal model-development,Operator_Normal
59,48,240,0.4793008406767651,0.5109296954384425,-0.03162885476167737,False,Normal model-development,Operator_Normal
60,48,240,0.4942186426823117,0.5109296954384425,-0.016711052756130773,False,Normal test,Operator_Normal
61,48,240,0.6248550392119795,0.5109296954384425,0.11392534377353702,True,Normal model-development,APC_Normal
62,48,240,0.4765305409070393,0.5109296954384425,-0.03439915453140319,False,Normal model-development,APC_Normal
63,48,240,0.4070713098394838,0.5109296954384425,-0.10385838559895866,False,Normal model-development,APC_Normal
64,48,240,0.40923953587386974,0.5109296954384425,-0.10169015956457272,False,Normal model-development,APC_Normal
65,48,240,0.45614625534704745,0.5109296954384425,-0.05478344009139502,False,Normal model-development,APC_Normal
66,48,240,0.4443119393513653,0.5109296954384425,-0.06661775608707715,False,Normal test,APC_Normal
67,48,240,0.4735463923655671,0.5109296954384425,-0.03738330307287535,False,Normal model-development,APC_Normal
68,48,240,0.47695264547601374,0.5109296954384425,-0.03397704996242873,False,Normal model-development,APC_Normal
69,48,240,0.4272210394247029,0.5109296954384425,-0.08370865601373956,False,Normal test,APC_Normal
70,48,240,0.44339324735870667,0.5109296954384425,-0.0675364480797358,False,Normal model-development,APC_Normal
71,48,240,0.4875887069965246,0.5109296954384425,-0.023340988441917843,False,Normal test,APC_Normal
72,48,240,0.48885762392599896,0.5109296954384425,-0.022072071512443503,False,Normal model-development,APC_Normal
73,48,240,0.5578280614181161,0.5109296954384425,0.04689836597967367,True,Normal model-development,APC_Normal
74,48,240,0.4171021420132055,0.5109296954384425,-0.09382755342523696,False,Normal model-development,APC_Normal
75,48,240,0.4394727138204655,0.5109296954384425,-0.07145698161797698,False,Normal model-development,APC_Normal
76,48,240,0.44694667877564237,0.5109296954384425,-0.0639830166628001,False,Normal model-development,APC_Normal
77,48,240,0.39637282850709965,0.5109296954384425,-0.11455686693134282,False,Normal test,APC_Normal
78,48,240,0.437974614929353,0.5109296954384425,-0.07295508050908944,False,Normal model-development,APC_Normal
79,48,240,0.4448307088988501,0.5109296954384425,-0.06609898653959234,False,Normal model-development,APC_Normal
80,48,240,0.45098412096563983,0.5109296954384425,-0.05994557447280263,False,Normal model-development,APC_Normal
81,48,240,0.47319608291280324,0.5109296954384425,-0.037733612525639226,False,Normal model-development,APC_Normal
82,48,240,0.41455147239001666,0.5109296954384425,-0.0963782230484258,False,Normal model-development,APC_Normal
83,48,240,0.42516259172995546,0.5109296954384425,-0.085767103708487,False,Normal test,APC_Normal
84,48,240,0.4600020311248287,0.5109296954384425,-0.050927664313613785,False,Normal model-development,APC_Normal
85,48,240,0.4217760010165261,0.5109296954384425,-0.08915369442191634,False,Normal model-development,APC_Normal
86,48,240,0.4397128667549631,0.5109296954384425,-0.07121682868347934,False,Normal model-development,APC_Normal
87,48,240,0.5105137965526051,0.5109296954384425,-0.00041589888583737356,False,Normal model-development,APC_Normal
88,48,240,0.4196968614362753,0.5109296954384425,-0.09123283400216714,False,Normal model-development,APC_Normal
89,48,240,0.4874697442940181,0.5109296954384425,-0.02345995114442434,False,Normal model-development,APC_Normal
90,48,240,0.44242989653773857,0.5109296954384425,-0.0684997989007039,False,Normal model-development,APC_Normal
91,48,240,0.5132214201054883,0.5109296954384425,0.002291724667045858,True,Fault test,Fault
92,48,240,0.43040996152704597,0.5109296954384425,-0.0805197339113965,False,Fault test,Fault
93,48,240,0.5251404443584999,0.5109296954384425,0.01421074892005747,True,Fault test,Fault
94,48,240,0.6263357233866694,0.5109296954384425,0.11540602794822696,True,Fault test,Fault
95,48,240,0.4773481297120613,0.5109296954384425,-0.03358156572638116,False,Fault test,Fault
96,48,240,0.44368713486641476,0.5109296954384425,-0.06724256057202771,False,Fault test,Fault
97,48,240,0.5763731719757853,0.5109296954384425,0.06544347653734284,True,Fault test,Fault
98,48,240,0.4031003433365787,0.5109296954384425,-0.10782935210186378,False,Fault test,Fault
99,48,240,0.6053986946692868,0.5109296954384425,0.09446899923084429,True,Fault test,Fault
100,48,240,0.607257488742821,0.5109296954384425,0.09632779330437857,True,Fault test,Fault
1,72,360,0.4552255055806863,0.5662293397312939,-0.11100383415060755,False,Normal model-development,Recipe_Normal
2,72,360,0.4649513539812782,0.5662293397312939,-0.10127798575001568,False,Normal test,Recipe_Normal
3,72,360,0.45749125491187187,0.5662293397312939,-0.10873808481942199,False,Normal model-development,Recipe_Normal
4,72,360,0.4089989691824232,0.5662293397312939,-0.15723037054887068,False,Normal model-development,Recipe_Normal
5,72,360,0.40513717672786764,0.5662293397312939,-0.16109216300342621,False,Normal test,Recipe_Normal
6,72,360,0.4379075067551516,0.5662293397312939,-0.12832183297614225,False,Normal model-development,Recipe_Normal
7,72,360,0.4241523421491773,0.5662293397312939,-0.14207699758211656,False,Normal model-development,Recipe_Normal
8,72,360,0.4220133300258176,0.5662293397312939,-0.14421600970547627,False,Normal model-development,Recipe_Normal
9,72,360,0.4351054265842016,0.5662293397312939,-0.13112391314709226,False,Normal test,Recipe_Normal
10,72,360,0.43094963347214604,0.5662293397312939,-0.13527970625914781,False,Normal model-development,Recipe_Normal
11,72,360,0.4105667915211557,0.5662293397312939,-0.15566254821013814,False,Normal model-development,Recipe_Normal
12,72,360,0.4063310250522305,0.5662293397312939,-0.15989831467906335,False,Normal model-development,Recipe_Normal
13,72,360,0.4113012366176833,0.5662293397312939,-0.15492810311361055,False,Normal model-development,Recipe_Normal
14,72,360,0.4306183416931458,0.5662293397312939,-0.13561099803814808,False,Normal test,Recipe_Normal
15,72,360,0.44656256360936886,0.5662293397312939,-0.119666776121925,False,Normal model-development,Recipe_Normal
16,72,360,0.41660645825424264,0.5662293397312939,-0.14962288147705122,False,Normal model-development,Recipe_Normal
17,72,360,0.38742357671369215,0.5662293397312939,-0.1788057630176017,False,Normal model-development,Recipe_Normal
18,72,360,0.4339267386875903,0.5662293397312939,-0.13230260104370356,False,Normal model-development,Recipe_Normal
19,72,360,0.4299001430864344,0.5662293397312939,-0.13632919664485943,False,Normal model-development,Recipe_Normal
20,72,360,0.39729909980903616,0.5662293397312939,-0.1689302399222577,False,Normal model-development,Recipe_Normal
21,72,360,0.42198472427669587,0.5662293397312939,-0.144244615454598,False,Normal model-development,Recipe_Normal
22,72,360,0.43918289265565696,0.5662293397312939,-0.1270464470756369,False,Normal model-development,Recipe_Normal
23,72,360,0.40168658083353675,0.5662293397312939,-0.1645427588977571,False,Normal model-development,Recipe_Normal
24,72,360,0.38838301983456786,0.5662293397312939,-0.177846319896726,False,Normal model-development,Recipe_Normal
25,72,360,0.46063566503195214,0.5662293397312939,-0.10559367469934172,False,Normal model-development,Recipe_Normal
26,72,360,0.42616917814188293,0.5662293397312939,-0.14006016158941093,False,Normal model-development,Recipe_Normal
27,72,360,0.4401411745104374,0.5662293397312939,-0.12608816522085647,False,Normal model-development,Recipe_Normal
28,72,360,0.4115934005062887,0.5662293397312939,-0.15463593922500518,False,Normal test,Recipe_Normal
29,72,360,0.4196027097837822,0.5662293397312939,-0.14662662994751163,False,Normal model-development,Recipe_Normal
30,72,360,0.44288565398951035,0.5662293397312939,-0.1233436857417835,False,Normal model-development,Recipe_Normal
31,72,360,0.41990961838057406,0.5662293397312939,-0.1463197213507198,False,Normal model-development,Operator_Normal
32,72,360,0.49263469706048724,0.5662293397312939,-0.07359464267080662,False,Normal model-development,Operator_Normal
33,72,360,0.39130867582410783,0.5662293397312939,-0.17492066390718602,False,Normal model-development,Operator_Normal
34,72,360,0.42552720282812234,0.5662293397312939,-0.14070213690317152,False,Normal test,Operator_Normal
35,72,360,0.4577912039134532,0.5662293397312939,-0.10843813581784068,False,Normal model-development,Operator_Normal
36,72,360,0.42082491026038926,0.5662293397312939,-0.1454044294709046,False,Normal model-development,Operator_Normal
37,72,360,0.4161174817463162,0.5662293397312939,-0.15011185798497767,False,Normal model-development,Operator_Normal
38,72,360,0.4543532154763917,0.5662293397312939,-0.11187612425490218,False,Normal model-development,Operator_Normal
39,72,360,0.629339731320581,0.5662293397312939,0.06311039158928711,True,Normal model-development,Operator_Normal
40,72,360,0.40712789577528563,0.5662293397312939,-0.15910144395600823,False,Normal model-development,Operator_Normal
41,72,360,0.4101592441849557,0.5662293397312939,-0.15607009554633816,False,Normal model-development,Operator_Normal
42,72,360,0.49935668566379215,0.5662293397312939,-0.0668726540675017,False,Normal model-development,Operator_Normal
43,72,360,0.5898951565544764,0.5662293397312939,0.023665816823182584,True,Normal model-development,Operator_Normal
44,72,360,0.5207603968033637,0.5662293397312939,-0.045468942927930134,False,Normal model-development,Operator_Normal
45,72,360,0.41329712131015217,0.5662293397312939,-0.15293221842114169,False,Normal test,Operator_Normal
46,72,360,0.42364246879160183,0.5662293397312939,-0.14258687093969202,False,Normal test,Operator_Normal
47,72,360,0.408149208497517,0.5662293397312939,-0.15808013123377684,False,Normal test,Operator_Normal
48,72,360,0.4184986628771777,0.5662293397312939,-0.14773067685411617,False,Normal model-development,Operator_Normal
49,72,360,0.42740414605691945,0.5662293397312939,-0.1388251936743744,False,Normal model-development,Operator_Normal
50,72,360,0.44637705559926794,0.5662293397312939,-0.11985228413202592,False,Normal model-development,Operator_Normal
51,72,360,0.48590837473121445,0.5662293397312939,-0.0803209650000794,False,Normal model-development,Operator_Normal
52,72,360,0.41806267305339323,0.5662293397312939,-0.14816666667790063,False,Normal model-development,Operator_Normal
53,72,360,0.426486887317091,0.5662293397312939,-0.13974245241420286,False,Normal model-development,Operator_Normal
54,72,360,0.4180793406050309,0.5662293397312939,-0.14814999912626298,False,Normal model-development,Operator_Normal
55,72,360,0.4515474503025496,0.5662293397312939,-0.11468188942874424,False,Normal model-development,Operator_Normal
56,72,360,0.45580369017277583,0.5662293397312939,-0.11042564955851802,False,Normal model-development,Operator_Normal
57,72,360,0.4060695074707652,0.5662293397312939,-0.16015983226052866,False,Normal model-development,Operator_Normal
58,72,360,0.42665256970680154,0.5662293397312939,-0.1395767700244923,False,Normal model-development,Operator_Normal
59,72,360,0.38249952787843294,0.5662293397312939,-0.1837298118528609,False,Normal model-development,Operator_Normal
60,72,360,0.4766449658470391,0.5662293397312939,-0.08958437388425478,False,Normal test,Operator_Normal
61,72,360,0.4588590174262807,0.5662293397312939,-0.10737032230501314,False,Normal model-development,APC_Normal
62,72,360,0.5662293397312939,0.5662293397312939,0.0,False,Normal model-development,APC_Normal
63,72,360,0.4056693405596044,0.5662293397312939,-0.16055999917168945,False,Normal model-development,APC_Normal
64,72,360,0.4410445663409532,0.5662293397312939,-0.12518477339034068,False,Normal model-development,APC_Normal
65,72,360,0.4345259557567172,0.5662293397312939,-0.13170338397457665,False,Normal model-development,APC_Normal
66,72,360,0.4800346132454692,0.5662293397312939,-0.08619472648582466,False,Normal test,APC_Normal
67,72,360,0.615680234519955,0.5662293397312939,0.04945089478866116,True,Normal model-development,APC_Normal
68,72,360,0.41744991906059237,0.5662293397312939,-0.1487794206707015,False,Normal model-development,APC_Normal
69,72,360,0.4040787075287379,0.5662293397312939,-0.16215063220255593,False,Normal test,APC_Normal
70,72,360,0.46869775167909755,0.5662293397312939,-0.0975315880521963,False,Normal model-development,APC_Normal
71,72,360,0.5340964325545345,0.5662293397312939,-0.03213290717675932,False,Normal test,APC_Normal
72,72,360,0.4150243074697783,0.5662293397312939,-0.15120503226151555,False,Normal model-development,APC_Normal
73,72,360,0.5227935942404381,0.5662293397312939,-0.043435745490855715,False,Normal model-development,APC_Normal
74,72,360,0.4310066773488629,0.5662293397312939,-0.13522266238243097,False,Normal model-development,APC_Normal
75,72,360,0.4794860100045901,0.5662293397312939,-0.08674332972670373,False,Normal model-development,APC_Normal
76,72,360,0.4216178806449607,0.5662293397312939,-0.14461145908633316,False,Normal model-development,APC_Normal
77,72,360,0.4264747658292068,0.5662293397312939,-0.13975457390208706,False,Normal test,APC_Normal
78,72,360,0.4842560265146583,0.5662293397312939,-0.08197331321663553,False,Normal model-development,APC_Normal
79,72,360,0.4035765058881044,0.5662293397312939,-0.16265283384318946,False,Normal model-development,APC_Normal
80,72,360,0.4584297314669297,0.5662293397312939,-0.10779960826436413,False,Normal model-development,APC_Normal
81,72,360,0.4810853779980959,0.5662293397312939,-0.08514396173319794,False,Normal model-development,APC_Normal
82,72,360,0.4301209897097817,0.5662293397312939,-0.13610835002151217,False,Normal model-development,APC_Normal
83,72,360,0.4339617184086661,0.5662293397312939,-0.13226762132262776,False,Normal test,APC_Normal
84,72,360,0.4299738368947544,0.5662293397312939,-0.13625550283653948,False,Normal model-development,APC_Normal
85,72,360,0.43897632296885947,0.5662293397312939,-0.1272530167624344,False,Normal model-development,APC_Normal
86,72,360,0.45988244525447664,0.5662293397312939,-0.10634689447681722,False,Normal model-development,APC_Normal
87,72,360,0.5052667310570471,0.5662293397312939,-0.06096260867424674,False,Normal model-development,APC_Normal
88,72,360,0.41541287712059655,0.5662293397312939,-0.1508164626106973,False,Normal model-development,APC_Normal
89,72,360,0.4302088747908074,0.5662293397312939,-0.13602046494048647,False,Normal model-development,APC_Normal
90,72,360,0.3847183983101759,0.5662293397312939,-0.18151094142111796,False,Normal model-development,APC_Normal
91,72,360,0.501914243816375,0.5662293397312939,-0.06431509591491891,False,Fault test,Fault
92,72,360,0.4096440774030267,0.5662293397312939,-0.15658526232826714,False,Fault test,Fault
93,72,360,0.5803242270915162,0.5662293397312939,0.014094887360222352,True,Fault test,Fault
94,72,360,0.7132995586315288,0.5662293397312939,0.14707021890023497,True,Fault test,Fault
95,72,360,0.43613533353565836,0.5662293397312939,-0.1300940061956355,False,Fault test,Fault
96,72,360,0.3966780095970533,0.5662293397312939,-0.16955133013424056,False,Fault test,Fault
97,72,360,0.47987243217678277,0.5662293397312939,-0.08635690755451109,False,Fault test,Fault
98,72,360,0.44585790602530745,0.5662293397312939,-0.12037143370598641,False,Fault test,Fault
99,72,360,0.5750241110826769,0.5662293397312939,0.008794771351383068,True,Fault test,Fault
100,72,360,0.5680179643871683,0.5662293397312939,0.0017886246558744823,True,Fault test,Fault
