Model,Dataset,Batch_ID,Rows,MAE,RMSE,R2
Dummy Median,Normal Test,2,1150,9.659378326434782,10.722531951976135,-0.005579028053890767
Dummy Median,Normal Test,5,895,8.75783716810056,9.989835161911111,-0.10333316173675366
Dummy Median,Normal Test,9,1260,7.401523879150794,8.735009804922518,-2.5459132660093355
Dummy Median,Normal Test,14,1150,8.829848252008697,9.943535185298726,-0.0017758912855092568
Dummy Median,Normal Test,28,1150,7.829771887852173,8.986011507747728,-0.02046873240593694
Dummy Median,Normal Test,34,1150,6.312581909165217,8.08830575354935,-0.17413215398673643
Dummy Median,Normal Test,45,1310,7.946191976389315,8.942295834264547,-3.753381590628333
Dummy Median,Normal Test,46,1150,9.785248714956522,10.984799284099934,-0.004170965122201276
Dummy Median,Normal Test,47,1140,7.959089787315789,9.150618543298258,-0.039518918600502495
Dummy Median,Normal Test,60,1150,7.809743985173911,9.02441369805008,-0.047616540401798524
Dummy Median,Normal Test,66,1150,8.446817427408694,9.594165397892654,-0.025328067920480368
Dummy Median,Normal Test,69,1125,8.754914278204444,9.862145804661065,-0.011020418079584537
Dummy Median,Normal Test,71,1070,10.147348391140186,11.358711062083943,-0.00074739397940915
Dummy Median,Normal Test,77,1025,8.522754526312195,9.747739367329782,-0.033155512267920795
Dummy Median,Normal Test,83,1205,8.26936494419917,9.40630888161333,-0.004405951137012476
Dummy Median,Fault Test,91,1290,11.142700538147288,11.411960745336296,-20.444308833357574
Dummy Median,Fault Test,92,1150,7.208328058817393,8.6607929832715,-0.06849945101062072
Dummy Median,Fault Test,93,1050,9.628036149580952,10.778513201576887,-9.860021307961375e-05
Dummy Median,Fault Test,94,1150,8.290482304939133,9.173754074327636,-4.455696923334083
Dummy Median,Fault Test,95,1055,9.16231761721327,9.84196723376667,-6.499412150943474
Dummy Median,Fault Test,96,1150,8.610380152382609,9.651611347896873,-0.0027686179751187368
Dummy Median,Fault Test,97,1125,7.641733382053333,9.025670764152114,-0.17924368123817258
Dummy Median,Fault Test,98,1150,10.355852365991304,11.5959309480178,-0.01623983827911535
Dummy Median,Fault Test,99,1255,8.062295864143428,9.006104637886608,-4.034972953242627
Dummy Median,Fault Test,100,1150,8.76264067872174,9.45544024116882,-6.083587729098225
Linear Regression,Normal Test,2,1150,1.6369421957396852,2.050581362139753,0.9632230659786534
Linear Regression,Normal Test,5,895,1.1049604367335977,1.2839460547988977,0.9817743266862652
Linear Regression,Normal Test,9,1260,4.935901549680639,6.852178436135274,-1.1820195754816325
Linear Regression,Normal Test,14,1150,0.879598265386436,1.0420602073017131,0.988997925787077
Linear Regression,Normal Test,28,1150,1.2350552586323928,1.7878725235299842,0.9596039536711994
Linear Regression,Normal Test,34,1150,3.212235515165985,4.44297956004909,0.6457168544795836
Linear Regression,Normal Test,45,1310,4.720034011054418,6.445343883258523,-1.4694304569256484
Linear Regression,Normal Test,46,1150,2.0325439684724267,2.4254270878737114,0.9510446843168489
Linear Regression,Normal Test,47,1140,2.6290513609520287,3.0963320944876047,0.8809781864577282
Linear Regression,Normal Test,60,1150,1.911197591455196,2.2672090006191055,0.933877773546836
Linear Regression,Normal Test,66,1150,1.877325865809649,2.1818676853269707,0.9469719979751913
Linear Regression,Normal Test,69,1125,1.3062800860417292,1.6697085099479307,0.9710199980877819
Linear Regression,Normal Test,71,1070,2.321207253174472,2.786176842847403,0.9397879075418184
Linear Regression,Normal Test,77,1025,1.3263813028169724,1.5441616682402646,0.9740735284990446
Linear Regression,Normal Test,83,1205,0.9753579918815926,1.2073685620081414,0.9834518087245768
Linear Regression,Fault Test,91,1290,4.386402512117646,5.674894328073063,-4.302822286677608
Linear Regression,Fault Test,92,1150,1.8143317853911425,2.542308171673408,0.9079305869748332
Linear Regression,Fault Test,93,1050,1.812129315538799,2.201367226616797,0.958283285567458
Linear Regression,Fault Test,94,1150,5.52253580758938,7.374214201731903,-2.525230721418358
Linear Regression,Fault Test,95,1055,3.4416791009095338,4.23561539497073,-0.3889813956572983
Linear Regression,Fault Test,96,1150,1.3668447881207382,1.8277482678604315,0.964038827330428
Linear Regression,Fault Test,97,1125,1.4126905422908171,1.9256962147157426,0.9463190569866489
Linear Regression,Fault Test,98,1150,2.5941447218714515,3.2671408274657003,0.9193283974223074
Linear Regression,Fault Test,99,1255,5.2382156894466725,7.451341576906995,-2.44660972900369
Linear Regression,Fault Test,100,1150,7.525039555178095,10.068309663675677,-7.031615279032339
Random Forest,Normal Test,2,1150,0.8120185742264925,1.1805495240954855,0.987810386651903
Random Forest,Normal Test,5,895,0.3582117123400741,0.523521028962462,0.9969698907327609
Random Forest,Normal Test,9,1260,3.4804074734959305,4.3380518347185175,0.12543762606736364
Random Forest,Normal Test,14,1150,0.814496663549526,1.1909797218893867,0.9856286462306124
Random Forest,Normal Test,28,1150,1.1155919622198518,1.8933437142548366,0.9546972374713455
Random Forest,Normal Test,34,1150,1.1541612591840285,1.7727727670340219,0.9435962466862285
Random Forest,Normal Test,45,1310,3.460024689127992,4.384188441849206,-0.14257058393201594
Random Forest,Normal Test,46,1150,0.523958610435328,0.8084084752761361,0.9945614249726924
Random Forest,Normal Test,47,1140,1.4227644680259137,2.237290473908287,0.9378592856453029
Random Forest,Normal Test,60,1150,1.5183001468147677,1.9939027152644193,0.9488586386902218
Random Forest,Normal Test,66,1150,0.9677360431233528,1.197175325570185,0.9840351825030033
Random Forest,Normal Test,69,1125,0.5044053973526821,0.6513661984123336,0.9955897061757971
Random Forest,Normal Test,71,1070,1.165320538546517,1.6866105584301505,0.9779354033509428
Random Forest,Normal Test,77,1025,0.49194228826998104,0.7923951035292436,0.9931728185359869
Random Forest,Normal Test,83,1205,1.335441079714472,1.893420784602352,0.9593027479531593
Random Forest,Fault Test,91,1290,5.719630884157231,6.9944873870536615,-7.0557002457074365
Random Forest,Fault Test,92,1150,0.7016407595061004,1.1225157591189077,0.9820508502366931
Random Forest,Fault Test,93,1050,1.0829116443091231,1.4990671607262316,0.9806550645790216
Random Forest,Fault Test,94,1150,3.5769366417846356,4.815597308085309,-0.5033370992738957
Random Forest,Fault Test,95,1055,3.1884186237207244,4.459964181439745,-0.54001919561773
Random Forest,Fault Test,96,1150,1.2854606247487685,2.318672322632695,0.9421264878122902
Random Forest,Fault Test,97,1125,1.155427672746386,1.5579254100116584,0.9648651661121014
Random Forest,Fault Test,98,1150,1.3006605257363453,2.1487981688907745,0.9651039536259324
Random Forest,Fault Test,99,1255,3.0253804838878464,4.052566457754953,-0.01949114034245847
Random Forest,Fault Test,100,1150,5.551701841053835,7.562669233584216,-3.5314790959120117
HistGradientBoosting,Normal Test,2,1150,0.7119132867198578,1.0925356566527398,0.9895601862992496
HistGradientBoosting,Normal Test,5,895,0.2669230617886125,0.3728990797498721,0.9984626503604432
HistGradientBoosting,Normal Test,9,1260,3.3710018004225595,4.093862189144186,0.22112502050673788
HistGradientBoosting,Normal Test,14,1150,0.8050284242103269,1.1477849495213306,0.9866521905696631
HistGradientBoosting,Normal Test,28,1150,0.9134691712380185,1.4896341360716023,0.9719569663379185
HistGradientBoosting,Normal Test,34,1150,1.199199699484586,1.8657896581386892,0.9375219848064515
HistGradientBoosting,Normal Test,45,1310,3.498507055686793,4.325865607411449,-0.11237356402473275
HistGradientBoosting,Normal Test,46,1150,0.7216481064048522,1.2210999332232626,0.9875913131919613
HistGradientBoosting,Normal Test,47,1140,1.19024091375975,1.7235473924345293,0.9631211004018085
HistGradientBoosting,Normal Test,60,1150,0.8547158846152163,0.9903827537744782,0.987382581948799
HistGradientBoosting,Normal Test,66,1150,1.1554630283472582,1.34965598084187,0.9797094130135438
HistGradientBoosting,Normal Test,69,1125,0.5212206828107456,0.68228204677134,0.9951611186221255
HistGradientBoosting,Normal Test,71,1070,1.2546288457979777,1.7671809177351423,0.9757769743033221
HistGradientBoosting,Normal Test,77,1025,0.3800170503899667,0.5943711207719385,0.9961587437527349
HistGradientBoosting,Normal Test,83,1205,1.0982139255791918,1.4791358799144048,0.9751636969997488
HistGradientBoosting,Fault Test,91,1290,5.945877099008071,6.909720680391277,-6.861628155480577
HistGradientBoosting,Fault Test,92,1150,0.7678706273344429,1.1255997267821756,0.9819520887951346
HistGradientBoosting,Fault Test,93,1050,1.270936311800708,1.6346240132286998,0.9769982513934181
HistGradientBoosting,Fault Test,94,1150,3.3212122995056945,4.399458589417886,-0.25474223710963373
HistGradientBoosting,Fault Test,95,1055,3.7329815783382463,4.856560097859953,-0.8260847393546338
HistGradientBoosting,Fault Test,96,1150,1.1050429903064602,2.000978811023034,0.9568991273863574
HistGradientBoosting,Fault Test,97,1125,1.742865071209477,2.1155002783131724,0.9352155529023112
HistGradientBoosting,Fault Test,98,1150,1.403728180574756,2.338435808672547,0.9586728096570829
HistGradientBoosting,Fault Test,99,1255,2.691339888902165,3.619090451466321,0.18694104042069082
HistGradientBoosting,Fault Test,100,1150,5.250067758713494,7.038105418144033,-2.9246533531271033
